Day,Title,Activity Type,Category,Address,Description,Image,__parsed_extra
Day-1,Arrival at Keflavík Airport,Arrival,Transportation,"Keflavík International Airport, Iceland","Arrive at Keflavík International Airport, the gateway to your Icelandic adventure. After landing, you'll pick up your rental car and begin your journey around the Ring Road.",https://res.cloudinary.com/enchanting/q_80,"f_auto,c_lfill,w_1920,h_400,g_auto/exodus-web/2021/12/kirkjufellsfoss_iceland.jpg"
Day-1,Duty-Free Shopping,Shopping,Practical,"Keflavík International Airport, Iceland","Get duty-free liquor at airport (significantly cheaper than in town). Remember, this is your best opportunity to buy alcohol at reasonable prices in Iceland.",,
Day-1,4WD Suzuki Vitara Pickup,Car Rental,Booked,"Blue Car Rental, Keflavík, Iceland","Pick up your 4WD Suzuki Vitara from Blue Car Rental, giving you the freedom to explore Iceland's diverse terrain, including some F-roads during your journey.",,
Day-1,Breakfast at LiBRARY bistro,Dining,Alternative,"LiBRARY bistro/bar, Keflavík, Iceland","Enjoy your first meal in Iceland at LiBRARY bistro/bar, which opens at 8AM and offers a good selection of breakfast options.",,
Day-1,Blue Lagoon Geothermal Spa,Geothermal Spa,Highlighted,"Blue Lagoon, Grindavík, Iceland",Immerse yourself in the mineral-rich waters of Iceland's most famous geothermal spa. The surreal blue waters contrast beautifully with the surrounding black lava fields. Consider upgrading to include silica mud masks for the full experience. Pre-booking essential; plan for 2-3 hours.,,
Day-1,Grocery Shopping,Shopping,Practical,"Bonus or Kronan, Reykjavík, Iceland","Stock up on groceries at Bonus or Kronan supermarkets, which offer good prices on food and supplies for your journey.",,
Day-1,Hotel Fron Check-in,Lodging,Booked,"Hotel Fron, Laugavegur 22A, Reykjavík, Iceland","Check into Hotel Fron, centrally located on Laugavegur, Reykjavík's main shopping street. This comfortable hotel offers Double/Twin Rooms and is within walking distance of Reykjavík's main attractions, restaurants, and nightlife.",,
Day-1,Meet Heather and Family,Social,Highlighted,"Reykjavík, Iceland",Meet up with Heather and her family to begin your joint adventure through Iceland.,,
Day-1,Hallgrímskirkja Church,Architecture,Alternative,"Hallgrímskirkja, Reykjavík, Iceland",Visit Reykjavík's iconic church with its distinctive architecture inspired by basalt columns. Ascend the tower for outstanding city views spanning the colorful rooftops to the surrounding mountains and sea.,,
Day-1,Harpa Concert Hall,Cultural Experience,Alternative,"Harpa Concert Hall, Reykjavík, Iceland",Explore this architectural marvel with a distinctive colored glass facade inspired by Iceland's basalt landscapes and northern lights.,,
Day-1,Sun Voyager Sculpture,Photo Opportunity,Alternative,"Sun Voyager Sculpture, Reykjavík, Iceland","Sun Voyager sculpture (Sólfar), a striking stainless steel boat skeleton on Reykjavík's waterfront offering magnificent views of Mount Esja across the bay.",,
Day-1,Dinner at Café Loki,Dining,Alternative,"Café Loki, Reykjavík, Iceland","Enjoy dinner with Heather and family at this traditional Icelandic restaurant near Hallgrímskirkja, where you can try authentic local dishes.",,
Day-1,Private Helicopter Tour,Premium Experience,Exclusive,"Reykjavík Domestic Airport, Iceland","Experience the breathtaking landscapes of Iceland from above with a private helicopter tour over Reykjavík and the surrounding volcanic terrain, offering unparalleled views and photo opportunities of the capital region.",,
Day-1,Perlan Museum,Rainy Day,Alternative,"Perlan Museum, Reykjavík, Iceland","Perlan Museum, featuring interactive exhibits showcasing Icelandic nature, including a real ice cave and immersive Northern Lights show, all under a distinctive glass dome with 360° city views.",,
Day-1,Laugardalslaug Swimming Pool,Rainy Day,Alternative,"Laugardalslaug, Reykjavík, Iceland","Laugardalslaug Swimming Pool, Reykjavík's largest outdoor thermal pool complex with various hot tubs, steam baths, and water slides - a perfect introduction to Iceland's swimming culture.",,
Day-1,The National Museum of Iceland,Rainy Day,Alternative,"National Museum of Iceland, Reykjavík, Iceland","The National Museum of Iceland, offering a comprehensive overview of Icelandic history from settlement to present day through fascinating artifacts and interactive displays.",,
Day-2,Golden Circle Route,Scenic Drive,Highlighted,"Golden Circle, Iceland","The Golden Circle, Iceland's most famous sightseeing route featuring three stunning locations: Þingvellir National Park, Geysir Geothermal Area, and Gullfoss Waterfall.",,
Day-2,Þingvellir National Park,Hike,Highlighted,"Þingvellir National Park, Iceland",UNESCO World Heritage site where you can walk between the North American and Eurasian tectonic plates and visit the site of the world's first parliament. Explore this historically and geologically significant location (1-2 hours).,,
Day-2,Geysir Geothermal Area,Natural Wonder,Highlighted,"Geysir Geothermal Area, Iceland","Home to bubbling mud pots, steaming vents, and the reliable Strokkur geyser which erupts every 5-7 minutes, shooting hot water up to 20 meters in the air.",,
Day-2,Gullfoss Waterfall,Natural Wonder,Highlighted,"Gullfoss Waterfall, Iceland","Experience the raw power of this massive two-tiered waterfall as it thunders down into a rugged canyon, sending mist and rainbows into the air. The waterfall drops a total of 105 feet in two dramatic stages. Several viewing platforms offer different perspectives of this natural wonder.",,
Day-2,Lunch at Friðheimar,Dining,Alternative,"Friðheimar, Reykholt, Iceland",Enjoy lunch at this unique tomato greenhouse restaurant where you can eat fresh tomato soup and bread inside a working greenhouse illuminated by artificial lighting that enables year-round cultivation.,,
Day-2,Reykjadalur Hot Spring Thermal River Hike,Hike,Highlighted,"Reykjadalur Valley, Iceland","This unforgettable 3-mile round trip hike (moderate difficulty) leads through a steaming geothermal valley to a natural hot river where you can bathe in varying temperatures. The trail takes about 45-60 minutes each way, with stunning views throughout.",,
Day-2,Tungnaárfellsfoss Waterfall,Hidden Gem,Alternative,"Tungnaárfellsfoss, Iceland","One of Iceland's widest waterfalls, yet rarely visited. Accessible via Road 208 with any vehicle in summer, this hidden gem offers impressive views with far fewer tourists than the more famous waterfalls.",,
Day-2,Silfra Snorkeling Adventure,Premium Experience,Exclusive,"Silfra Fissure, Þingvellir National Park, Iceland","Snorkel between two continental plates in the crystal-clear waters of Silfra Fissure, with visibility exceeding 100 meters. This once-in-a-lifetime experience allows you to literally touch both North America and Europe simultaneously.",,
Day-2,Secret Lagoon,Hidden Gem,Alternative,"Secret Lagoon, Flúðir, Iceland","Secret Lagoon (Gamla Laugin), Iceland's oldest swimming pool dating back to 1891, offering a more authentic and less crowded geothermal bathing experience than the Blue Lagoon.",,
Day-2,Kerið Crater,Natural Wonder,Alternative,"Kerið Crater, Iceland","Kerið Crater, a 3,000-year-old volcanic crater lake with striking red and orange rock contrasting against the vivid blue water.",,
Day-2,Lava Centre,Rainy Day,Alternative,"Lava Centre, Hvolsvöllur, Iceland","Lava Centre in Hvolsvöllur, an interactive, high-tech educational exhibition about Iceland's volcanoes, earthquakes, and geological formation, perfect for understanding the land of fire and ice.",,
Day-2,Sólheimar Eco-Village,Rainy Day,Alternative,"Sólheimar Eco-Village, Iceland","Sólheimar Eco-Village, Iceland's first sustainable community, offering organic café, craft shops, and art galleries showcasing work by artists with disabilities in a sustainable setting.",,
Day-2,Country Dream Guesthouse,Lodging,Booked,"Country Dream guesthouse, Selfoss, Iceland","This charming guesthouse is set in the countryside just outside Selfoss, offering a peaceful retreat after your day of exploration. The accommodation features kitchenette facilities, allowing you to prepare your own meals if desired.",,
Day-2,Almannagjá Rift Valley Trail,Hiking,Alternative Hike,"Þingvellir National Park, Iceland",This 3 km trail provides stunning views of the continental divide and reaches the scenic Peningagjá 'Money Rift' where visitors toss coins into crystal-clear water. Perfect if you want a longer hike with fewer crowds than the main Þingvellir paths.,,
Day-2,Rauðhólar (Red Hills) Hike,Hiking,Alternative Hike,"Near Reykjadalur, Iceland","This 5 km loop through 5,000-year-old pseudo-craters offers vibrant colors and unique geological features without the crowds of the Reykjadalur thermal river area.",,
Day-2,Fontana Bread & Spa Experience,Wellness,Rainy Day,"Laugarvatn Fontana, Hverabraut 1, Laugarvatn, Iceland","Watch traditional rye bread being baked in geothermal ground, then enjoy it warm with tastings followed by a relaxing soak protected from the elements. A perfect activity when rain makes outdoor exploration difficult.",,
Day-2,Friðheimar Greenhouse Extended Visit,Cultural Experience,Rainy Day,"Friðheimar, Reykholt, Iceland","Instead of a quick lunch stop, spend a longer visit learning about sustainable tomato production in Iceland, enjoying their excellent tomato-themed menu, and (if available) watching their Icelandic horse show in their indoor arena.",,
Day-3,Seljalandsfoss Waterfall,Natural Wonder,Highlighted,"Seljalandsfoss Waterfall, Iceland","This 200-foot waterfall plunges over an ancient sea cliff, creating the rare opportunity to walk behind a waterfall. The pathway behind the falls offers a unique perspective and unforgettable experience, though be prepared to get wet! Nearby, don't miss the hidden waterfall Gljúfrabúi tucked inside a canyon.",,
Day-3,Skógafoss Waterfall,Natural Wonder,Highlighted,"Skógafoss Waterfall, Iceland","One of Iceland's biggest and most beautiful waterfalls, Skógafoss drops 200 feet creating constant rainbows on sunny days. Climb the 527 steps to the viewing platform at the top for panoramic views of the coastline and highlands.",,
Day-3,Skógar Folk Museum,Cultural Experience,Alternative,"Skógar Museum, Iceland",Displaying traditional Icelandic turf houses and artifacts that provide insight into how Icelanders lived through the centuries. Visit the café for lunch options.,,
Day-3,Sólheimajökull Glacier Hike,Activity,Highlighted,"Sólheimajökull Glacier, Iceland","Guided glacier hike on Sólheimajökull, an outlet glacier of Mýrdalsjökull ice cap, where you'll traverse blue ice, see unique ice formations, and learn about glacial geology. (Tour booking required)",,
Day-3,Vikurfjara Black Sand Beach,Natural Wonder,Highlighted,"Vikurfjara Beach, Iceland","This dramatic black sand beach offers the same stunning volcanic landscape as its more famous neighbor Reynisfjara, but with fewer crowds. The stark contrast between the black sand and crashing white waves creates a hauntingly beautiful scene, perfect for photography.",,
Day-3,Reynisfjara Black Sand Beach,Natural Wonder,Highlighted,"Reynisfjara Beach, Vík, Iceland","Famous black sand beach featuring striking basalt columns and sea stacks. Be extremely cautious of sneaker waves - never turn your back to the ocean and stay at least 20-30 feet from the water's edge, even on calm days.",,
Day-3,Dyrhólaey Peninsula,Viewpoint,Alternative,"Dyrhólaey, Iceland","120-meter high promontory with a large arch eroded by the sea, offering panoramic views of the black coastline, mountains, and glaciers. Good for puffin viewing in July.",,
Day-3,Private Super Jeep Tour to Þórsmörk,Premium Experience,Exclusive,"Þórsmörk Valley, Iceland","Explore the hidden valley of Þórsmörk (Thor's Valley) in a private super jeep tour, crossing unbridged rivers and rugged terrain to reach this lush oasis surrounded by glaciers, mountains, and volcanic landscapes.",,
Day-3,Kvernufoss Waterfall,Hidden Gem,Alternative,"Kvernufoss Waterfall, Iceland","A hidden gem near Skógafoss, this waterfall requires a 30-minute hike but rewards visitors with fewer crowds and the ability to walk behind the cascading water.",,
Day-3,Thakgil Hiking Area,Hidden Gem,Alternative,"Thakgil, Iceland","Beautiful canyons and green valleys perfect for hiking, with stunning scenery that few tourists visit.",,
Day-3,Lava Show in Vík,Rainy Day,Alternative,"Lava Show, Vík, Iceland","Lava Show in Vík, the world's only exhibition where real molten lava is created indoors, allowing you to safely experience the heat, glow, and power of a volcanic eruption.",,
Day-3,Icewear Wool Factory Outlet,Rainy Day,Alternative,"Icewear Outlet, Vík, Iceland","Icewear/Wool Factory Outlet in Vík, where you can shop for high-quality Icelandic wool products and learn about traditional wool processing while staying dry on a rainy day.",,
Day-3,The Barn Norðurfoss,Lodging,Booked,"The Barn, Norðurfoss, Iceland","This rustic and charming hostel-style accommodation is housed in a converted barn, providing a cozy and authentic Icelandic experience. The property features communal spaces where you can mingle with other travelers, and the surrounding landscape offers beautiful mountain vistas.",,
Day-3,Skógárheiði Highland Path,Hiking,Alternative Hike,"Above Skógafoss, South Iceland",This 4-6 km out-and-back path passes over 20 additional waterfalls most tourists never see. This trail follows the ancient Fimmvörðuháls route with panoramic views of glaciers and coastline without needing glacier equipment.,,
Day-3,Reynisfjall Mountain Hike,Hiking,Alternative Hike,"Reynisfjall, near Vík, Iceland","A challenging 2-hour climb to the summit provides eagle-eye views over Reynisfjara Beach, the Reynisdrangar sea stacks, and on clear days, the Vestmannaeyjar islands.",,
Day-3,Icelandic Lava Show Extended Visit,Cultural Experience,Rainy Day,"Lava Show, Vík, Iceland",This indoor demonstration of real flowing molten lava is fascinating regardless of weather and provides genuine geological education. Perfect for bad weather days.,,
Day-3,Skógar Museum Deep Dive,Museum,Rainy Day,"Skógar Museum, Iceland",This extensive folk museum deserves more time than most visitors give it. The three museum sections and 40 historical buildings provide hours of Icelandic cultural immersion perfect for stormy days.,,
Day-4,Fjaðrárgljúfur Canyon,Natural Wonder,Alternative,"Fjaðrárgljúfur Canyon, Iceland","Magnificent 100-meter deep and 2-kilometer long canyon formed during the last Ice Age, with winding trails along its rim offering spectacular views. Allow 1 hour for exploration.",,
Day-4,Skaftafell Nature Reserve Hike,Hike,Highlighted,"Skaftafell, Vatnajökull National Park, Iceland","A wilderness area in Vatnajökull National Park featuring various hiking trails to waterfalls, glacial tongues, and lush oases. Hike to Svartifoss Waterfall, a 3-mile round trip of moderate difficulty.",,
Day-4,Svartifoss Waterfall,Natural Wonder,Highlighted,"Svartifoss, Skaftafell, Iceland",Unique waterfall framed by dark hexagonal basalt columns that inspired the design of Hallgrímskirkja church in Reykjavík. The black basalt columns create a stunning contrast with the white water.,,
Day-4,Strútsfoss Waterfall,Hidden Gem,Highlighted,"Strútsfoss, Iceland","Even larger red strata waterfall than the famous Hengifoss, yet virtually crowd-free. Accessible with regular car in summer via Road 935 to Sturluflöt farm. The family-friendly hike rewards you with views of this hidden gem that few tourists experience.",,
Day-4,Zodiac Boat Tour of Jokulsarlon,Tour,Highlighted,"Jökulsárlón Glacier Lagoon, Iceland","This pre-booked tour takes you on an exhilarating ride among floating icebergs that have calved from the Breiðamerkurjökull glacier. The zodiac boats can navigate closer to the ice than the larger amphibian vessels, offering intimate views of the sculptural ice formations.",,
Day-4,Jökulsárlón Glacier Lagoon,Natural Wonder,Highlighted,"Jökulsárlón Glacier Lagoon, Iceland",Where massive icebergs calved from Breiðamerkurjökull glacier float serenely in a deep glacial lake on their way to the Atlantic Ocean. One of Iceland's most spectacular natural attractions.,,
Day-4,Diamond Beach,Natural Wonder,Highlighted,"Diamond Beach, Iceland","Where crystal-like ice chunks from Jökulsárlón Glacier Lagoon wash up on black sands, creating a surreal landscape of sparkling 'diamonds' on the volcanic beach. Visit at different times if possible, as the ice formations constantly change with the tides.",,
Day-4,Fjallajökull Glacier Viewpoint,Viewpoint,Alternative,"Fjallajökull Glacier, Iceland","An excellent viewpoint of another glacier tongue in the area, providing a different perspective of Iceland's ice caps.",,
Day-4,Private Ice Cave Experience,Premium Experience,Exclusive,"Vatnajökull Glacier, Iceland","Exclusive guided tour to a natural ice cave within Vatnajökull Glacier, Europe's largest glacier. Marvel at the blue ice formations, intricate textures, and otherworldly atmosphere in these seasonal natural wonders.",,
Day-4,Höfn Local Museum,Rainy Day,Alternative,"Höfn Museum, Iceland","Höfn Local Museum, showcasing the town's maritime history, fishing industry, and cultural heritage through artifacts and exhibitions in a cozy indoor setting.",,
Day-4,Vatnajökull Visitor Center,Rainy Day,Alternative,"Vatnajökull Visitor Center, Iceland","The Vatnajökull visitor center, featuring interactive exhibits about Europe's largest glacier, its formation, ecology, and the impact of climate change on this massive ice cap.",,
Day-4,Airbnb near Höfn,Lodging,Booked,"Seljavöllum, Höfn í Hornafirði, Iceland","This double or twin accommodation is located at Seljavöllum, Höfn í Hornafirði. Being situated in this area gives you the advantage of being close to both the glacier lagoon attractions you've visited today and the East Fjords you'll explore tomorrow. Confirmation code: HMXME38BS5",,
Day-4,Ingólfshöfði Cape Hike,Hiking,Alternative Hike,"Ingólfshöfði, South Iceland",This 2.5 km hike to a puffin colony on an isolated headland requires a local tractor ride through black sand to reach the trailhead. It's less visited than other South Coast attractions but offers incredible birdlife (May-August) and historical significance as the landing spot of Iceland's first settler.,,
Day-4,Múlagljúfur Canyon Hike,Hiking,Alternative Hike,"Múlagljúfur, near Skaftafell, Iceland",This 3-hour hike leads to two spectacular waterfalls (Hangandifoss and Múlafoss) hidden in a dramatic canyon near Skaftafell that most tourists miss entirely.,,
Day-4,Víkurprjón Wool Workshop,Cultural Experience,Rainy Day,"Víkurprjón, Vík, Iceland",Visit Víkurprjón (Vík Wool) for a longer experience where you can not only shop but sometimes participate in demonstrations of traditional wool processing techniques. Perfect when weather interrupts outdoor plans.,,
Day-5,Vestrahorn and Stokksnes Beach,Photo Opportunity,Highlighted,"Stokksnes Peninsula, Iceland","This iconic mountain rises dramatically from a black sand beach, creating one of Iceland's most photogenic landscapes. The jagged 1,490-foot peaks of Vestrahorn form a stunning backdrop to the rippling black sand dunes and reflective tidal pools. Entry fee: $12 per person, payable at Viking Café.",,
Day-5,East Fjords Coastal Drive,Scenic Drive,Highlighted,"East Fjords, Iceland","One of Iceland's most spectacular stretches of road winds along the eastern coastline, hugging the contours of deep fjords with mountains rising steeply on one side and the Atlantic Ocean on the other. The drive features countless photo opportunities, including chances to spot reindeer.",,
Day-5,The Waterfall Circle,Hidden Gem,Highlighted,"Laugarfell Highlands, Iceland","A magical hike with nearly ten diverse waterfalls in the eastern highlands. The trailhead at Laugarfell Guesthouse is accessible with any car from June-September. This moderate 5-mile loop takes about 3 hours and showcases waterfalls of varying sizes and characters, all within one hiking route that few tourists know about.",,
Day-5,Lunch at Við Voginn,Dining,Alternative,"Við Voginn, Djúpivogur, Iceland","Enjoy lunch at this restaurant in the charming fishing village of Djúpivogur, known for fresh seafood and local ingredients.",,
Day-5,Strútsfoss Waterfall,Hidden Gem,Highlighted,"Strútsfoss, Iceland","This hidden gem is an even larger red strata waterfall than the famous Hengifoss, yet remains virtually crowd-free. Take Road 935 to Sturluflöt farm, where an easy family-friendly hike leads to this spectacular cascade. The distinctive red layers in the rock face behind the waterfall create a striking contrast with the white water.",,
Day-5,Petra's Stone Collection,Cultural Experience,Alternative,"Petra's Stone Collection, Stöðvarfjörður, Iceland","Massive private collection of East Iceland minerals gathered by one woman throughout her lifetime, now displayed in and around her home. Entry fee: $15 per person.",,
Day-5,Vestdalsfossar Waterfall Viewpoint,Viewpoint,Alternative,"Vestdalsfossar, Iceland","Impressive waterfall viewpoint along the East Fjords coastal route, offering beautiful vistas.",,
Day-5,Private Reindeer Safari,Premium Experience,Exclusive,"East Iceland Highlands, Iceland","Exclusive guided safari to spot wild reindeer, which can only be found in East Iceland. This private tour takes you off the beaten path with an expert guide who knows the best locations for reindeer spotting and photography.",,
Day-5,Hengifoss and Litlanesfoss Waterfall Hike,Hike,Alternative,"Hengifoss, Iceland","3-mile round trip, 2-hour hike to two beautiful waterfalls, including the striped red and black rock formations of Hengifoss and the basalt column-framed Litlanesfoss.",,
Day-5,Wartime Museum,Rainy Day,Alternative,"Wartime Museum, Reyðarfjörður, Iceland","Wartime Museum in Reyðarfjörður, detailing Iceland's role during World War II when British and American forces occupied the island to secure this strategic North Atlantic location.",,
Day-5,Alfheimar Hotel,Lodging,Booked,"Alfheimar Hotel, Borgarfjörður Eystri, Iceland","This welcoming hotel is situated in one of Iceland's most remote and beautiful regions, offering stunning mountain views and proximity to tomorrow's activities. You'll stay in a Standard Double or Twin Room with Patio. Confirmation: 73058051849662",,
Day-5,F909 Askja Route,Off-Road Adventure,F-Road Adventure,"F909, East Iceland Highlands",This highland route accesses the moon-like landscapes of Askja crater lake and the geothermal Viti explosion crater. This challenging F-road requires river crossings but provides some of Iceland's most alien landscapes. Pair with a soak in the remote Laugavallalaug hot spring creek.,,
Day-5,Petra's Stone Museum Extended Experience,Museum,Rainy Day,"Petra's Stone Collection, Stöðvarfjörður, Iceland","In poor weather, this remarkable private mineral collection becomes more than a quick stop. The passionate staff can provide longer presentations about Iceland's geological history if you have extra time due to weather cancellations.",,
Day-5,East Iceland Heritage Museum,Museum,Rainy Day,"Egilsstaðir, Iceland","Learn about the distinctive cultural identity of the isolated East Fjords communities through interactive exhibits on reindeer hunting, superstitions, and the harsh rural lifestyle that developed here.",,
Day-6,Brúnavík Beach Hike,Hidden Gem,Highlighted,"Brúnavík, Iceland","One of Iceland's most stunning beaches with otherworldly landscapes, yet known to very few tourists. This moderately challenging 5-mile hike takes about 2.5 hours total and begins near the Kolbeinsfjara cliffs off Road 94. The trail winds through colorful rhyolite mountains before descending to a secluded bay with black sand, dramatic rock formations, and crashing waves.",,
Day-6,Loðmundarfjarðarvegur F-Road,Off-Road Adventure,Alternative,"F946 Road, East Iceland","Remote F-road in East Iceland leading to a seldom-inhabited hut. Picturesque surroundings with mountain views. Suitable for your 4WD Suzuki Vitara, this route takes you through some of Iceland's least explored landscapes.",,
Day-6,Stórurð Basin Hike,Hike,Alternative,"Stórurð, Iceland",3-mile loop through massive boulders and turquoise pools. Allow 2-3 hours for a leisurely pace with photo stops. The trailhead is a 15-minute drive from Borgarfjörður Eystri.,,
Day-6,Hafnarhólmi Puffin Colony,Wildlife,Highlighted,"Hafnarhólmi, Borgarfjörður Eystri, Iceland","One of Iceland's best and most accessible puffin viewing areas. July is peak season for puffin watching. Easy wooden walkways and viewing platforms provide intimate views of these charismatic birds. No entrance fee. For the best puffin activity, visit in the evening hours when they return from fishing.",,
Day-6,Ker Cliffs,Hidden Gem,Alternative,"Þerribjörg Sea Cliffs, Iceland","The Þerribjörg Sea Cliffs form breathtaking coastline in East Iceland. Access via gravel road 917, suitable for any car May-October. Enjoy an easy 1.5-hour family hike with scenic mountain pass views.",,
Day-6,Dyrfjöll Mountain Viewpoint,Viewpoint,Alternative,"Dyrfjöll, Iceland","Short 1-mile hike to viewpoint of the dramatic 'Door Mountains,' located on the drive to Borgarfjörður Eystri. These distinctive peaks offer excellent photo opportunities.",,
Day-6,Private Volcanic Cooking Experience,Premium Experience,Exclusive,"Hverir Geothermal Area, Iceland",Experience traditional Icelandic 'hot spring cooking' with a private chef who will prepare local delicacies using only geothermal heat. Enjoy bread baked underground in volcanic soil and other dishes cooked using the Earth's natural heat.,,
Day-6,Lindarbakki Turf House,Cultural Experience,Alternative,"Lindarbakki, Borgarfjörður Eystri, Iceland","Traditional red-painted turf house in Borgarfjörður Eystri, offering a glimpse into historical Icelandic architecture.",,
Day-6,Elf Center,Rainy Day,Alternative,"Álfasteinn, Borgarfjörður Eystri, Iceland","The Elf Center (Álfasteinn) in Borgarfjörður Eystri, a charming museum dedicated to Icelandic folklore about hidden people and elves, featuring local stories and traditions.",,
Day-6,Nýibær Art Gallery,Rainy Day,Alternative,"Nýibær Art Gallery, Iceland","Nýibær Art Gallery, a small exhibition space featuring works by local artists inspired by the unique landscapes and cultural heritage of North Iceland.",,
Day-6,Ásgeirsstaðir Cottages,Lodging,Booked,"Ásgeirsstaðir Cottages, Eidar, Iceland","These cozy wooden cottages are set in a peaceful rural location, offering a true retreat into Icelandic nature. Your cabin includes kitchen facilities for self-catering, a private bathroom, and wonderful views of the surrounding countryside. Confirmation: 73055400652002",,
Day-6,Hjálpleysa Bay Coastal Walk,Hiking,Alternative Hike,"Bakkagerði, Borgarfjörður Eystri, Iceland","If Brúnavík is inaccessible, this gentler 4 km coastal path from Bakkagerði offers dramatic cliffs, diverse birdlife, and views of isolated fjords without the elevation gain of the Brúnavík hike.",,
Day-6,Stuðlagil Canyon Hike,Hiking,Alternative Hike,"Stuðlagil, East Iceland",This newly accessible basalt column canyon offers two hiking options - one easy (30 min) from the east side viewpoint and one more challenging (2-3 hours) descent to the canyon floor from the western side.,,
Day-6,Wilderness Center Experience,Cultural Experience,Rainy Day,"Wilderness Center, Fljótsdalur, Iceland",This remote converted farm offers an immersive historical experience with exhibitions on highland farming life and the possibility of day-guest access to their excellent traditional food.,,
Day-7,Ker Cliffs,Hidden Gem,Highlighted,"Þerribjörg Sea Cliffs, Iceland","These spectacular Þerribjörg Sea Cliffs form one of East Iceland's most breathtaking coastlines, yet remain off most tourist itineraries. Accessible via gravel road 917 (Hlíðarvegur), the area features an easy 1.5-hour family-friendly hike with dramatic views of cliffs plunging into the ocean.",,
Day-7,Dettifoss Waterfall,Natural Wonder,Highlighted,"Dettifoss Waterfall, Iceland","Experience the raw power of Europe's most powerful waterfall, an awe-inspiring 328-foot wide and 148-foot high cascade. The massive volume of water crashing into the canyon creates a constant mist cloud and ground-shaking rumble that must be experienced in person. Access from the east side via Road 864 provides the most impressive views.",,
Day-7,Ásbyrgi Canyon,Natural Wonder,Highlighted,"Ásbyrgi Canyon, Iceland","Horseshoe-shaped canyon with looping walking paths, formed according to legend by the hoof print of Odin's eight-legged horse. Explore the lush greenery, birds, and rock formations in this unique landscape.",,
Day-7,Mývatn Nature Baths,Hot Spring,Alternative,"Mývatn Nature Baths, Iceland",Relaxing geothermal lagoon with mineral-rich alkaline water overlooking the volcanic landscape. A more relaxed and less crowded alternative to the Blue Lagoon. Entry fee: $41 per person. Recommended time: 2 hours.,,
Day-7,Goðafoss Waterfall,Natural Wonder,Highlighted,"Goðafoss Waterfall, Iceland","Known as the 'Waterfall of the Gods,' this historically significant and visually stunning horseshoe-shaped waterfall spans 100 feet across the Skjálfandafljót river. According to the Icelandic Sagas, in the year 1000, the chieftain Þorgeir Ljósvetningagoði threw his pagan idols into the waterfall after Iceland's conversion to Christianity.",,
Day-7,Luxury Whale Watching by Private Yacht,Premium Experience,Exclusive,"Húsavík Harbor, Iceland","Experience whale watching in ultimate comfort aboard a private yacht in Húsavík, the whale watching capital of Iceland. Enjoy gourmet refreshments while an expert marine biologist guides you to the best spots for observing these magnificent creatures.",,
Day-7,Grjótagjá Cave,Hidden Gem,Alternative,"Grjótagjá Cave, Iceland","Small lava cave with a hot spring (viewing only), featured in Game of Thrones. This atmospheric cave shows the meeting of volcanic and geothermal forces.",,
Day-7,Bergárfoss Waterfall,Hidden Gem,Alternative,"Bergárfoss, Iceland","Prettiest and most secluded waterfall in North Iceland, rarely visited even by locals. From Kolugljúfur Canyon, take gravel road south on eastern river bank for 4km, then walk. 4WD necessary year-round.",,
Day-7,Sigurgeir's Bird Museum,Rainy Day,Alternative,"Sigurgeir's Bird Museum, Lake Mývatn, Iceland","Sigurgeir's Bird Museum near Lake Mývatn, housing one of Europe's largest private collections of birds, with specimens of almost all Icelandic breeding birds in their natural settings.",,
Day-7,Húsavík Whale Museum,Rainy Day,Alternative,"Húsavík Whale Museum, Iceland","Húsavík Whale Museum, an award-winning exhibition about cetaceans found in Icelandic waters, featuring complete whale skeletons and interactive displays about marine conservation.",,
Day-7,Airbnb in Akureyri (Hildur's),Lodging,Booked,"Akureyri, Iceland","Comfortable entire home/apartment in Iceland's 'Capital of the North,' providing an excellent base for exploring the city and surrounding attractions. The Airbnb is spacious and well-appointed, giving you room to relax after today's action-packed journey. Confirmation code: HM8YWHA8PD",,
Day-7,F88 Ódáðahraun Desert Route,Off-Road Adventure,F-Road Adventure,"F88, North Iceland Highlands",This fascinating route connects Mývatn area to Askja through Iceland's largest desert area. Multiple river crossings and Mars-like landscapes make this a true adventure requiring strong 4x4 skills. Can be shortened to an out-and-back experience.,,
Day-7,F905 Möðrudalsleið Highland Track,Off-Road Adventure,F-Road Adventure,"F905, East Iceland","This highland route through sheep-grazing territory offers mountain views and desolate beauty with fewer technical challenges than other F-roads. Good introduction to F-road driving with an optional stop at the charming, isolated Möðrudalur farm café.",,
Day-8,Akureyri Botanical Gardens,Activity,Alternative,"Akureyri Botanical Garden, Iceland","One of the northernmost botanical gardens in the world, featuring over 7,000 plant species, including all native Icelandic plants and high-latitude plants from around the world. Free admission, open from 8AM.",,
Day-8,Akureyrarkirkja Church,Architecture,Alternative,"Akureyrarkirkja Church, Akureyri, Iceland","Distinctive architecture with amazing stained glass. Central landmark of Akureyri designed by Guðjón Samúelsson, the same architect who designed Hallgrímskirkja in Reykjavík.",,
Day-8,Troll Peninsula Scenic Drive,Scenic Drive,Highlighted,"Route 82, Troll Peninsula, Iceland","Drive the stunning coastal Route 82 through the Troll Peninsula, featuring fjord and mountain views. This more scenic alternative to the Ring Road takes you through dramatic landscapes and charming fishing villages.",,
Day-8,Horseback Riding on Troll Peninsula,Activity,Alternative,"Langhús Farm, Iceland",Langhús Farm offers tours through mountains and along black sand beaches. An authentic Icelandic horse experience with these unique five-gaited horses. Booking recommended.,,
Day-8,Bjórböðin Beer Spa,Wellness,Alternative,"Bjórböðin, Árskógssandur, Iceland",Unique relaxation experience featuring beer baths and hot tubs with fjord views. The beer baths are said to be good for skin and relaxation. Reservation recommended.,,
Day-8,Northern Lights Photography Tour,Premium Experience,Exclusive,North Iceland,"Private Northern Lights photography expedition with a professional photographer who will help you capture the aurora borealis with your camera and take you to secluded locations away from light pollution (seasonal, September-April).",,
Day-8,Hofsós Infinity Pool,Swimming,Alternative,"Hofsós Swimming Pool, Iceland","Spectacularly set infinity pool on cliff edge overlooking the fjord, offering some of the most scenic swimming in Iceland. Admission: $8 per person.",,
Day-8,Herring Era Museum,Museum,Alternative,"Herring Era Museum, Siglufjörður, Iceland",Award-winning museum about the fishing industry that was once the lifeblood of Siglufjörður. Three separate buildings showcase different aspects of the herring boom that transformed Iceland's economy.,,
Day-8,Akureyri Art Museum,Rainy Day,Alternative,"Akureyri Art Museum, Iceland","Akureyri Art Museum (Listasafnið á Akureyri), showcasing contemporary Icelandic art in rotating exhibitions within a beautifully restored building in the town center.",,
Day-8,Aviation Museum,Rainy Day,Alternative,"Aviation Museum, Akureyri, Iceland","The Aviation Museum near Akureyri, displaying Iceland's aviation history through aircraft, artifacts, and interactive exhibits detailing the unique challenges of flying in the North Atlantic.",,
Day-8,The Painter's House Airbnb,Lodging,Booked,"Siglufjörður, Iceland","The Painter's House with View and Balcony, an entire home/apartment Airbnb in picturesque Siglufjörður. This charming accommodation offers beautiful views of the surrounding mountains and fjord from its balcony.",,
Day-8,Beer Spa Extension,Wellness,Rainy Day,"Bjórböðin, Árskógssandur, Iceland","Rather than a quick visit, book the full beer spa experience with private beer baths, relaxation room, and restaurant tasting menu if outdoor activities are canceled.",,
Day-8,Akureyri Art Trail,Cultural Experience,Rainy Day,"Akureyri, Iceland","This walkable tour connects the Art Museum, Into the Arctic gallery, and several smaller exhibition spaces with cafés in between, providing a full day of cultural experiences protected from the elements.",,
Day-8,Hauganes Tasting Trail,Dining,Rainy Day,"Hauganes, North Iceland","This tiny fishing village offers a microbrewery, small batch fish processing demonstrations, and Iceland's only traditional fish oil processing plant with unusual culinary tastings.",,
Day-9,Grafarkirkja,Cultural Experience,Alternative,"Grafarkirkja, Iceland",Iceland's oldest church (17th century) featuring hand-carved wooden beams and a turf roof. This historical site showcases unique architectural elements from Iceland's past.,,
Day-9,Hofsós Swimming Pool,Swimming,Alternative,"Hofsós Swimming Pool, Iceland","Infinity-style pool with stunning fjord views. One of Iceland's most beautifully situated pools, where you can soak while enjoying the magnificent landscape. Entry fee: $8 per person.",,
Day-9,Hvítserkur Sea Stack,Natural Wonder,Alternative,"Hvítserkur, Iceland","Dramatic 50-foot high basalt stack resembling a dragon rising from the sea. Best viewed at low tide. According to legend, it's a petrified troll caught by daylight.",,
Day-9,Bergárfoss Waterfall,Hidden Gem,Highlighted,"Bergárfoss, Iceland","This hidden gem is considered the prettiest and most secluded waterfall in North Iceland, rarely visited even by locals. From Kolugljúfur Canyon, take the gravel road south on the eastern river bank for 4km, then walk a short distance. Your 4WD vehicle will be essential for accessing this year-round.",,
Day-9,Kirkjufell Mountain and Kirkjufellsfoss,Photo Opportunity,Highlighted,"Kirkjufell Mountain, Iceland","Iceland's most photographed mountain with its distinctive cone shape, featured in Game of Thrones. Visit at evening for the best light. The small waterfall Kirkjufellsfoss creates the perfect foreground for this iconic landscape.",,
Day-9,Snæfellsjökull Glacier Snowmobile Tour,Premium Experience,Exclusive,"Snæfellsjökull Glacier, Iceland","Exclusive snowmobile expedition on Snæfellsjökull Glacier, the mystical ice cap made famous by Jules Verne's 'Journey to the Center of the Earth.' Experience breathtaking panoramic views from this 700,000-year-old stratovolcano.",,
Day-9,Gatklettur Arch Rock,Natural Wonder,Alternative,"Gatklettur, near Arnarstapi, Iceland",Natural stone arch formed by ocean erosion. A short walk provides beautiful coastal views and a glimpse of the power of the Atlantic Ocean.,,
Day-9,F570 Jökulshálsvegur Mountain Road,Off-Road Adventure,Alternative,"F570 Jökulshálsvegur, Iceland","Mountain road closest to Snæfellsjökull glacier, suitable for your 4WD vehicle. Offers panoramic views of the glacier and surrounding landscapes for those seeking off-the-beaten-path experiences.",,
Day-9,Norwegian House Museum,Rainy Day,Alternative,"The Norwegian House, Stykkishólmur, Iceland","The Norwegian House in Stykkishólmur, a beautifully restored wooden house from 1832 showcasing the lifestyle of wealthy merchants in 19th century Iceland.",,
Day-9,Volcano Museum,Rainy Day,Alternative,"Volcano Museum, Stykkishólmur, Iceland","Volcano Museum in Stykkishólmur, founded by volcanologist and artist Haraldur Sigurðsson, featuring volcanic rocks, art inspired by volcanoes, and scientific information about eruptions.",,
Day-9,The Old Post Office Hotel,Lodging,Booked,"The Old Post Office, Grundarfjörður, Iceland","As the name suggests, this charming accommodation is housed in a converted post office building in the heart of this fishing village. The hotel provides comfortable rooms with views of either the mountains or harbor. Confirmation: 73057461061626",,
Day-9,F35 Kjölur Route Fragment,Off-Road Adventure,F-Road Adventure,"F35, between Blönduós and Húnavatn regions, Iceland",Take the northern section of this historic highland route to see the colorful rhyolite mountains of Kerlingarfjöll without committing to the full F-road crossing. Hot spring opportunities at Hveravellir make this worthwhile even as a detour.,,
Day-9,Berserkjahraun Lava Field Hike,Hiking,Alternative Hike,"Berserkjahraun, Snæfellsnes, Iceland","This mystical 4 km trail through a 4,000-year-old lava field is steeped in saga history and features bizarre lava formations, bright red scoria, and vibrant moss contrasts. An excellent alternative to more crowded peninsula hikes.",,
Day-10,Djúpalónssandur Black Pebble Beach,Natural Wonder,Alternative,"Djúpalónssandur Beach, Iceland",Short walk to a rugged coastline featuring a black pebble beach with historic shipwreck remains and traditional strength-testing lifting stones that fishermen once used to prove their fitness for work at sea.,,
Day-10,Hellnar to Arnarstapi Coastal Path,Hike,Alternative,"Hellnar to Arnarstapi, Iceland","2.5-mile one-way hike offering stunning coastal views, arches, and bird cliffs. The trail features basalt columns and unusual rock formations created by the meeting of lava and sea.",,
Day-10,Vatnshellir Cave,Tour,Alternative,"Vatnshellir Cave, Iceland","Lava tube cave exploration with guided tours only ($35 per person). Descend 35 meters into an 8,000-year-old lava tunnel to experience Iceland's underground volcanic landscape.",,
Day-10,Lunch at Fjöruhúsið,Dining,Alternative,"Fjöruhúsið, Hellnar, Iceland","Enjoy lunch at this charming café in Hellnar, known for its homemade soups and fresh seafood, with a picturesque setting near the coast.",,
Day-10,Ytri Tunga Beach,Wildlife,Alternative,"Ytri Tunga Beach, Iceland","Seal colony best viewed at low tide. One of few golden sand beaches in Iceland, where you can usually spot 10-20 seals lounging on the rocks offshore.",,
Day-10,Lanbrotalaug Hot Spring,Hidden Gem,Highlighted,"Lanbrotalaug, Iceland","This tiny natural hot pot is just big enough for 2-3 people. Hidden away in a rural setting, this intimate geothermal pool offers a perfect temperature for relaxing. Finding it requires some navigation skills - look for a small parking area near a disused farm building. Coordinates: 64.8391, -22.2806",,
Day-10,Gerðuberg Basalt Columns,Geological Feature,Alternative,"Gerðuberg, Iceland",Symmetrical basalt column wall forming a striking geological formation. This short stop on the way to Akranes offers an impressive example of volcanic geology and the natural hexagonal patterns formed during slow cooling of lava.,,
Day-10,Exclusive Food and Beer Tasting Tour,Premium Experience,Exclusive,"Reykjavík, Iceland","Private guided culinary tour through Reykjavík with an expert local foodie, sampling traditional Icelandic delicacies and craft beers while learning about the country's unique food history and culture.",,
Day-10,Berserkjahraun Lava Field,Geological Feature,Alternative,"Berserkjahraun, Snæfellsnes, Iceland","4,000-year-old lava field with a fascinating history from the Icelandic Sagas. The dramatic landscape features twisted lava formations and is steeped in Viking folklore.",,
Day-10,Rauðfeldsgjá Gorge,Hidden Gem,Alternative,"Rauðfeldsgjá Gorge, Iceland","Narrow canyon with a stream running through it, offering adventure-seeking exploration opportunities. The gorge slices into the mountain, creating a mysterious moss-covered ravine.",,
Day-10,Pakkhúsið Museum,Rainy Day,Alternative,"Pakkhúsið Museum, Ólafsvík, Iceland","Pakkhúsið Museum in Ólafsvík, chronicling the region's rich maritime history through artifacts, photographs, and interactive displays in a historic warehouse building.",,
Day-10,Maritime Museum,Rainy Day,Alternative,"Maritime Museum, Hellissandur, Iceland","Maritime Museum in Hellissandur, showcasing traditional fishing practices, equipment, and vessels that have been crucial to survival on this rugged peninsula throughout the centuries.",,
Day-10,Patrycja's Airbnb,Lodging,Booked,"Akranes, Iceland","Private room accommodation in the coastal town of Akranes, providing a convenient location for your return to Reykjavík and Keflavík Airport tomorrow. Confirmation code: HMRMJ8CNWQ",,
Day-10,F570 Extension to Nýifoss,Off-Road Adventure,F-Road Adventure,"F570 Extension, Snæfellsnes, Iceland",Continue past the regular F570 route to reach the Nýifoss waterfall viewpoint or the isolated Mjóifoss ravine for landscapes few tourists ever witness. Requires genuine 4x4 capability but offers premier photography opportunities of Snæfellsjökull.,,
Day-10,Búðahraun Circular Hike,Hiking,Alternative Hike,"Búðahraun, near Búðir, Snæfellsnes, Iceland",This gentle 7 km loop near the iconic black church at Búðir traverses a nature reserve with over 130 plant species and stunning lava formations with ocean views.,,
Day-10,Viking Sushi Boat Tour,Tour,Rainy Day,"Stykkishólmur Harbor, Iceland","If land activities are compromised but sea conditions are acceptable, this boat tour from Stykkishólmur lets you sample scallops and sea urchins harvested directly from the ocean floor.",,
Day-10,Library of Water,Cultural Experience,Rainy Day,"Stykkishólmur, Iceland","This unique installation by artist Roni Horn features 24 glass columns containing water collected from Iceland's major glaciers, with reflections creating an ethereal indoor experience even on the stormiest days.",,
Day-10,Guðrún's Herb Garden,Dining,Rainy Day,"Snæfellsnes, Iceland",This small but enchanting botanical display and café specializes in Icelandic herbal traditions with tea tastings and homemade cakes - perfect for waiting out passing storms.,,
Day-11,Akranes Lighthouse,Photo Opportunity,Alternative,"Akranes Lighthouse, Iceland",Visit the Akranes Lighthouse for panoramic views and an interesting glimpse into Iceland's maritime history. Especially beautiful at sunset.,,
Day-11,Drive to Reykjavík,Scenic Drive,Transportation,"Reykjavík, Iceland",45-minute drive from Akranes to Reykjavík for your final morning in Iceland.,,
Day-11,Last-Minute Shopping,Shopping,Alternative,"Laugavegur, Reykjavík, Iceland","Last-minute shopping in Reykjavík for souvenirs such as lopapeysa (traditional wool sweaters), volcanic skincare products, or unique design items. Visit the Handknitting Association of Iceland for authentic wool products.",,
Day-11,Seltjarnarnes Peninsula,Nature,Alternative,"Seltjarnarnes, Reykjavík, Iceland",Quick visit to Grótta lighthouse and nature reserve with coastal walking paths. A peaceful final experience of Iceland's natural beauty.,,
Day-11,Blue Lagoon Retreat Spa Experience,Premium Experience,Exclusive,"The Retreat at Blue Lagoon, Iceland","Indulge in the exclusive Retreat Spa at Blue Lagoon, offering private changing rooms, a dedicated lagoon area, and luxurious treatments including the signature in-water massage and Blue Lagoon skincare rituals.",,
Day-11,Harpa Concert Hall,Architecture,Alternative,"Harpa Concert Hall, Reykjavík, Iceland","Architectural marvel with honeycomb glass façade. The building houses gift shops and a café, making it an interesting final stop before heading to the airport.",,
Day-11,Perlan Museum,Rainy Day,Alternative,"Perlan Museum, Reykjavík, Iceland","Museum featuring glacier and ice cave exhibition, plus an observation deck with 360° views of Reykjavík. An excellent indoor activity for your final day if the weather isn't cooperative.",,
Day-11,National Gallery of Iceland,Rainy Day,Alternative,"National Gallery of Iceland, Reykjavík, Iceland","National Gallery of Iceland, showcasing the evolution of Icelandic art from the 19th century to contemporary works, housed in a beautiful building in downtown Reykjavík.",,
Day-11,Return Rental Car,Transportation,Practical,"Blue Car Rental, Keflavík, Iceland",Return your 4WD Suzuki Vitara to Blue Car Rental. Ensure the car is refueled and allow extra time for the return process.,,
Day-11,Departure from Iceland,Departure,Transportation,"Keflavík International Airport, Iceland","Check in for your international flight (recommended 2.5 hours before departure). Flight FI 671 to Denver departs at 4:50 PM, bringing your Icelandic adventure to a close.",,
Day-11,Reykjanes UNESCO Global Geopark,Scenic Drive,Alternative,"Reykjanes Peninsula, Iceland","If time allows before your flight, explore this volcanic peninsula with geothermal areas, crater lakes, and the dramatic bridge between continents where you can walk between the North American and Eurasian tectonic plates.",,
Spontaneous,Bubble Hotel Experience,Lodging,Premium Experience,Various locations in South and West Iceland,"For a splurge during clear nights, book a last-minute stay in the '5 Million Star Hotel' transparent bubble rooms to view the Northern Lights (Sep-Apr) or experience the midnight sun (Jun-Jul) from your bed.",,
Spontaneous,Lighthouse Stay,Lodging,Hidden Gem,"Skálasnagi lighthouse near Arnarstapi, Snæfellsnes, Iceland",This lighthouse occasionally has last-minute availability for unique overnight experiences with panoramic ocean views.,,
Spontaneous,Village Festival Check,Cultural Experience,Hidden Gem,"Various locations, Iceland","Check local.is for unexpected local events - even small towns host vibrant celebrations (réttir sheep roundups in September, coastal village days in summer) that welcome visitors and provide authentic cultural experiences.",,
Spontaneous,Midnight Sun/Northern Lights Photography Workshop,Activity,Premium Experience,"Various locations, Iceland",Seasonal opportunities for impromptu photography lessons with local experts who know the best viewing locations away from crowds.,,
Spontaneous,GeoSea Húsavík,Wellness,Premium Experience,"GeoSea Húsavík, Iceland","If northern weather improves unexpectedly, add this infinity-edge sea-view geothermal bath as a premium alternative to the more touristic Mývatn Nature Baths.",,
Spontaneous,Forest Bathing in Hallormsstaður,Wellness,Hidden Gem,"Hallormsstaður Forest, East Iceland",Iceland's largest forest offers guided mindfulness walks when weather allows - a rare experience in a largely treeless country.,,
Spontaneous,Farm-to-Table Detours,Dining,Hidden Gem,Various farms throughout Iceland,"The app 'Handpicked Iceland' identifies small farms offering tastings (ice cream at Erpsstaðir, Háafell goat farm cheese) that make excellent impromptu stops when traveling between major destinations.",,
Spontaneous,Catch-Your-Dinner Harbor Experience,Activity,Hidden Gem,"Dalvík or Ólafsfjörður, North Iceland","Several fishing villages allow visitors to join morning fishing boats, then have their catch prepared for dinner at local restaurants - Dalvík and Ólafsfjörður are particularly welcoming to spontaneous participants.",,
